"正面（问题）","背面（答案）"
"Quin grup religiós jueu defensava tant la Torà escrita com la tradició oral i creia en la resurrecció dels morts?","Els fariseus."
"Quin sector social i religiós formava l'aristocràcia sacerdotal que controlava el Temple de Jerusalem i rebutjava la resurrecció?","Els saduceus."
"Com s'anomenava el grup ascètic jueu que vivia aïllat al desert en comunitats com la de Qumran?","Els essenis."
"Quin grup jueu defensava la resistència violenta i la lluita armada contra el domini de l'Imperi Romà?","Els zelots."
"Quin nom reben els mestres o experts encarregats d'estudiar, interpretar i ensenyar la Llei de Moisès?","Els escribes (o doctors de la Llei)."
"Per quina raó els publicans eren profundament odiats per la població jueva en temps de Jesús?","Perquè cobraven impostos per a l'ocupant romà i sovint extorquien el poble enriquint-se il·legalment."
"Per què els jueus consideraven impurs i heretges els samaritans?","Perquè tenien el seu propi centre de culte al munt Garizim, només acceptaven el Pentateuc i descendien de colons estrangers."
"Quin grup polític donava suport a la legitimitat i aliança de la dinastia d'Herodes amb l'Imperi Romà?","Els heradians."
"Quina era la regió més septentrional de Palestina, coneguda per les seves valls fèrtils i per ser on va créixer Jesús?","Galilea."
"Quina regió se situava a la zona central de Palestina, separant la regió de Galilea de la de Judea?","Samaria."
"Quina regió meridional de Palestina, d'orografia àrida i muntanyosa, albergava la ciutat de Jerusalem?","Judea."
"Quin riu neix als peus de la muntanya de l'Hermon, travessa el llac de Galilea i desemboca a la Mar Morta?","El riu Jordà."
"Quin és el llac d'aigua dolça del nord de Palestina on es concentrava una important activitat pesquera en temps de Jesús?","El llac de Galilea (també anomenat mar de Tiberíades o Genesaret)."
"Quin accident geogràfic, situat en una depressió profunda al sud de Judea, destaca per les seves aigües extremadament salades?","La Mar Morta."
"La ciutat de _____ era el centre religiós, polític i econòmic de Judea on se situava l'únic Temple jueu del món.","Jerusalem"
"Què era el Sanedrí en la societat jueva del segle I?","Era el suprem consell de govern i tribunal de justícia jueu, integrat per 71 membres i presidit pel Summe Sacerdot."
"Quin governador romà de la província de Judea va condemnar Jesús a la crucifixió?","Ponç Pilat."
"Quin rei vassall de Roma va governar tota Palestina des del 37 aC fins al 4 aC i va remodelar el Temple?","Herodes el Gran."
"Quin fill d'Herodes el Gran governava com a tetrarca de les regions de Galilea i Perea durant la vida adulta de Jesús?","Herodes Antipas."
"Quin emperador romà governava quan va néixer Jesús i va ordenar la realització d'un cens general?","Cèsar August."
"Quina autoritat presidia el Sanedrí i era el responsable màxim del cult i de la gestió del Temple de Jerusalem?","El Summe Sacerdot."
"A quina regió orientada a l'est del riu Jordà es va desenvolupar part de la predicació de Joan Baptista?","Perea."
"Com s'anomenava la lliga de deu ciutats d'influència grecorromana situada principalment a l'est del riu Jordà?","La Decàpolis."
"Quina ciutat portuària servia com a capital administrativa romana de la província de Judea i residència del governador?","Cesarea Marítima."
"Quin nom rep la festa jueva setmanal de descans obligatori que comença el divendres al vespre?","El Sàbat (o Shabat)."
"Quina festa de pelegrinatge commemorava l'alliberament del poble jueu de l'esclavitud d'Egipte?","La Pasqua (Pesaḥ)."
"Quina institució local servia en cada poble com a lloc de reunió, oració i estudi de la Torà cada dissabte?","La sinagoga."
"Com s'anomenen els cinc primers llibres de la Bíblia que constituïen la Llei sagrada del poble jueu?","La Torà (o Pentateuc)."
